<?xml version="1.0" encoding="utf-8" standalone="yes" ?>
<Window size="568,208" mininfo="568,208" sizebox="4,4,4,4" caption="0,0,0,30">
	<Font shared="true" id="0" name="Consolas" size="16" bold="false" italic="false" default="true" />
	<VerticalLayout name="bg" bkcolor="#FF2F9EED" inset="1,0,1,1">
		<HorizontalLayout name="title" height="30">
			<Label name="labTitle" text="iHelper - Sanwer.com" textpadding="8,0,8,0" textcolor="#FFFFFFFF" disabledtextcolor="#FFA7A6AA" />
			<Button name="btnMin" width="30" height="30" normalimage="file='btnMin.png' source='0,0,30,30'" hotimage="file='btnMin.png' source='30,0,60,30'" pushedimage="file='btnMin.png' source='60,0,90,30'" />
			<Button name="closebtn" width="30" height="30" normalimage="file='btnClose.png' source='0,0,30,30'" hotimage="file='btnClose.png' source='30,0,60,30'" pushedimage="file='btnClose.png' source='60,0,90,30'" />
		</HorizontalLayout>
		<VerticalLayout name="content" bkcolor="#FFFFFFFF" inset="15,15,15,15">
			<Label  name="labOption1" text="Program to start at boot-up(C:\app.exe):" height="35" textpadding="8,0,8,0" textcolor="#FF000000" disabledtextcolor="#FFA7A6AA" />
			<HorizontalLayout height="30">
				<Edit name="editOption1" textcolor="#FF000000" textpadding="3,3,3,3" bordercolor="#FF64B9F5" focusbordercolor="#FF2F9EED" bordersize="1" borderround="2,2" />
				<Control width="10" />
				<Button name="btnOption1" text="Browse..." width="100" font="1" bkcolor="#FF2F9EED" pushedbkcolor="#FF64B9F5" textcolor="#FFFFFFFF" borderround="2,2" />
			</HorizontalLayout>
			<Control height="17" />
			<Label  name="labOption2" text="Automatic shutdown when program is shut down(app.exe):" height="35" textpadding="8,0,8,0" textcolor="#FF000000" disabledtextcolor="#FFA7A6AA" />
			<HorizontalLayout height="30">
				<Edit name="editOption2" textcolor="#FF000000" textpadding="3,3,3,3" bordercolor="#FF64B9F5" focusbordercolor="#FF2F9EED" bordersize="1" borderround="2,2" />
				<Control width="10" />
				<Button name="btnOption2" text="Save" width="100" font="1" bkcolor="#FF2F9EED" pushedbkcolor="#FF64B9F5" textcolor="#FFFFFFFF" borderround="2,2" />
			</HorizontalLayout>
		</VerticalLayout>
	</VerticalLayout>
</Window>
