<?xml version="1.0" encoding="utf-8" standalone="yes" ?>
<Window size="480,268" mininfo="480,268" sizebox="4,4,4,4" caption="0,0,0,30">
	<Font shared="true" id="0" name="Consolas" size="14" bold="false" italic="false" />
	<Font shared="true" id="1" name="Consolas" size="16" bold="false" italic="false" default="true" />
	<VerticalLayout name="bg" bkcolor="#FF2F9EED" inset="1,0,1,1">
		<HorizontalLayout name="title" height="30">
			<Label name="labTitle" text="iHelper - Sanwer.com" textpadding="8,0,8,0" textcolor="#FFFFFFFF" disabledtextcolor="#FFA7A6AA" />
			<Button name="closebtn" width="30" height="30" normalimage="file='btnClose.png' source='0,0,30,30'" hotimage="file='btnClose.png' source='30,0,60,30'" pushedimage="file='btnClose.png' source='60,0,90,30'" />
		</HorizontalLayout>
		<VerticalLayout name="content" bkcolor="#FFFFFFFF" inset="15,15,15,15">
			<HorizontalLayout name="content">
			</HorizontalLayout>
		</VerticalLayout>
	</VerticalLayout>
</Window>
